sub_category,revenue,quantity,profit
Grapes,83.94,6.0,12.0
Masala,17.91,9.0,8.91
Sweet,57.90909090199998,26.0,11.889090902
